{"cameraMode":{"drawMode":0,"name":"Shaded","section":"Shading Mode"},"sceneLighting":true,"audioPlay":false,"sceneViewState":{"showFog":true,"showMaterialUpdate":false,"showSkybox":true,"showFlares":true,"showImageEffects":true,"showParticleSystems":true},"in2DMode":false,"pivot":{"x":12.877281188964844,"y":10.843475341796875,"z":-0.4875640869140625},"rotation":{"x":0.24599702656269074,"y":-0.3725549280643463,"z":0.10310766845941544,"w":0.8888515830039978},"size":40.808082580566409,"orthographic":true}